{
  "random": {
    "policy_name": "Random Policy",
    "mean_cost": 5300340.937999999,
    "std_cost": 293967.5278799132,
    "mean_reward": -5300340.938000002,
    "episode_costs": [
      5017921.5,
      5353190.800000001,
      5379376.26,
      5399112.680000001,
      5461727.92,
      4791810.5600000005,
      4919111.5,
      5469024.64,
      5851257.76,
      5360875.76
    ]
  },
  "reorder_point": {
    "policy_name": "Reorder Point (s,Q) Policy",
    "mean_cost": 1061198.65,
    "std_cost": 0.0,
    "mean_reward": -1061198.65,
    "episode_costs": [
      1061198.65,
      1061198.65,
      1061198.65,
      1061198.65,
      1061198.65,
      1061198.65,
      1061198.65,
      1061198.65,
      1061198.65,
      1061198.65
    ]
  },
  "eoq": {
    "policy_name": "EOQ Policy",
    "mean_cost": 1942624.2450000003,
    "std_cost": 2.3283064365386963e-10,
    "mean_reward": -1942624.2450000003,
    "episode_costs": [
      1942624.245,
      1942624.245,
      1942624.245,
      1942624.245,
      1942624.245,
      1942624.245,
      1942624.245,
      1942624.245,
      1942624.245,
      1942624.245
    ]
  }
}