{
  "independent": {
    "mean_cost": 5545475.33225,
    "std_cost": 0.0,
    "episode_costs": [
      5545475.33225,
      5545475.33225,
      5545475.33225,
      5545475.33225,
      5545475.33225,
      5545475.33225,
      5545475.33225,
      5545475.33225,
      5545475.33225,
      5545475.33225
    ]
  },
  "coordinated": {
    "mean_cost": 12910475.562649999,
    "std_cost": 0.0,
    "episode_costs": [
      12910475.562649999,
      12910475.562649999,
      12910475.562649999,
      12910475.562649999,
      12910475.562649999,
      12910475.562649999,
      12910475.562649999,
      12910475.562649999,
      12910475.562649999,
      12910475.562649999
    ]
  },
  "coordination_improvement": -132.81098173078973
}