{
  "policy_name": "DQN Agent",
  "mean_cost": 2212647.3950000005,
  "std_cost": 4.656612873077393e-10,
  "mean_reward": -2212647.3950000005,
  "episode_costs": [
    2212647.395000001,
    2212647.395000001,
    2212647.395000001,
    2212647.395000001,
    2212647.395000001,
    2212647.395000001,
    2212647.395000001,
    2212647.395000001,
    2212647.395000001,
    2212647.395000001
  ]
}