{
  "policy_name": "DQN Agent (Optimized)",
  "mean_cost": 2271629.2430000016,
  "std_cost": 0.0,
  "mean_reward": -2271629.243000001,
  "episode_costs": [
    2271629.2430000016,
    2271629.2430000016,
    2271629.2430000016,
    2271629.2430000016,
    2271629.2430000016,
    2271629.2430000016,
    2271629.2430000016,
    2271629.2430000016,
    2271629.2430000016,
    2271629.2430000016
  ]
}